Ключевая фраза	Сеть	Кластер/группа
секонд хенд премиум	ПОИСК	Общее | Second hand premium
секонд хенд люкс	ПОИСК	Общее | Second hand luxury
секонд хенд брендовый	ПОИСК	Общее | Second hand premium
брендовые вещи секонд хенд	ПОИСК	Общее | Second hand premium
брендовая одежда секонд хенд	ПОИСК	Общее | Second hand premium
люксовая одежда бу	ПОИСК	Общее | Luxury б/у
премиальная одежда бу	ПОИСК	Общее | Premium б/у
брендовая одежда бу	ПОИСК	Общее | Premium б/у
брендовые вещи бу купить	ПОИСК	Общее | Premium б/у
магазин брендовой одежды бу	ПОИСК	Общее | Premium б/у
секонд хенд из европы	ПОИСК	Триггеры | Из Европы
секонд хенд люкс из европы	ПОИСК	Триггеры | Из Европы
брендовые вещи из европы	ПОИСК	Триггеры | Из Европы
винтаж из европы	ПОИСК	Триггеры | Из Европы
оригинальные брендовые вещи бу	ПОИСК	Триггеры | Оригинал
брендовые вещи оригинал бу	ПОИСК	Триггеры | Оригинал
проверка оригинальности брендовых вещей	ПОИСК	Триггеры | Оригинал/проверка
аутентификация брендовых вещей	ПОИСК	Триггеры | Оригинал/проверка
винтажная одежда купить	ПОИСК	Винтаж | Общее
винтаж одежда магазин	ПОИСК	Винтаж | Общее
винтаж брендовый купить	ПОИСК	Винтаж | Бренды
винтаж люкс купить	ПОИСК	Винтаж | Luxury
vintage одежда купить	ПОИСК	Винтаж | Общее
секонд хенд премиум челябинск	ПОИСК	Гео | Second hand premium
секонд хенд люкс челябинск	ПОИСК	Гео | Second hand luxury
винтаж магазин челябинск	ПОИСК	Гео | Винтаж
брендовая одежда бу челябинск	ПОИСК	Гео | Premium б/у
брендовые сумки бу челябинск	ПОИСК	Гео | Сумки
брендовые сумки бу	ПОИСК	Сумки | Общее
люксовые сумки бу	ПОИСК	Сумки | Luxury
сумки люкс second hand	ПОИСК	Сумки | Luxury
сумки секонд хенд брендовые	ПОИСК	Сумки | Общее
сумка брендовая бу	ПОИСК	Сумки | Общее
сумка оригинал бу	ПОИСК	Сумки | Оригинал
сумка из европы бу	ПОИСК	Сумки | Из Европы
сумка кросс боди бу	ПОИСК	Сумки | Тип
сумка кроссбоди бу	ПОИСК	Сумки | Тип
сумка тоут бу	ПОИСК	Сумки | Тип
сумка шоппер бу	ПОИСК	Сумки | Тип
сумка на плечо бу	ПОИСК	Сумки | Тип
рюкзак брендовый бу	ПОИСК	Сумки | Тип
верхняя одежда премиум бу	ПОИСК	Верхняя одежда | Общее
брендовая верхняя одежда бу	ПОИСК	Верхняя одежда | Общее
верхняя одежда люкс бу	ПОИСК	Верхняя одежда | Luxury
пальто премиум бу	ПОИСК	Верхняя одежда | Пальто
пальто люкс бу	ПОИСК	Верхняя одежда | Пальто
тренч премиум бу	ПОИСК	Верхняя одежда | Тренч
кожаная куртка премиум бу	ПОИСК	Верхняя одежда | Куртки
куртка премиум бу	ПОИСК	Верхняя одежда | Куртки
пуховик премиум бу	ПОИСК	Верхняя одежда | Пуховики
пуховик люкс бу	ПОИСК	Верхняя одежда | Пуховики
бомбер брендовый бу	ПОИСК	Верхняя одежда | Куртки
парка премиум бу	ПОИСК	Верхняя одежда | Куртки
брендовая одежда бу купить	ПОИСК	Одежда | Общее
премиум одежда бу купить	ПОИСК	Одежда | Общее
люкс одежда бу купить	ПОИСК	Одежда | Общее
брендовые вещи streetwear	ПОИСК	Streetwear | Общее
streetwear бу	ПОИСК	Streetwear | Общее
streetwear секонд хенд	ПОИСК	Streetwear | Общее
джинсы премиум бу	ПОИСК	Джинсы | Общее
джинсы брендовые бу	ПОИСК	Джинсы | Общее
джинсы брендовые секонд хенд	ПОИСК	Джинсы | Общее
ремни люкс бу	ПОИСК	Ремни | Общее
ремень брендовый бу	ПОИСК	Ремни | Общее
ремень оригинал бу	ПОИСК	Ремни | Оригинал
ремень из европы бу	ПОИСК	Ремни | Из Европы
gucci секонд хенд	ПОИСК	Бренд | Gucci | Общее
gucci бу купить	ПОИСК	Бренд | Gucci | Общее
gucci винтаж	ПОИСК	Бренд | Gucci | Винтаж
гуччи секонд хенд	ПОИСК	Бренд | Gucci | Общее
гуччи бу купить	ПОИСК	Бренд | Gucci | Общее
prada секонд хенд	ПОИСК	Бренд | Prada | Общее
prada бу купить	ПОИСК	Бренд | Prada | Общее
прада секонд хенд	ПОИСК	Бренд | Prada | Общее
прада бу купить	ПОИСК	Бренд | Prada | Общее
louis vuitton секонд хенд	ПОИСК	Бренд | Louis Vuitton | Общее
louis vuitton бу купить	ПОИСК	Бренд | Louis Vuitton | Общее
lv секонд хенд	ПОИСК	Бренд | Louis Vuitton | Общее
lv бу купить	ПОИСК	Бренд | Louis Vuitton | Общее
луи виттон секонд хенд	ПОИСК	Бренд | Louis Vuitton | Общее
луи виттон бу купить	ПОИСК	Бренд | Louis Vuitton | Общее
chanel секонд хенд	ПОИСК	Бренд | Chanel | Общее
chanel бу купить	ПОИСК	Бренд | Chanel | Общее
шанель секонд хенд	ПОИСК	Бренд | Chanel | Общее
шанель бу купить	ПОИСК	Бренд | Chanel | Общее
dior секонд хенд	ПОИСК	Бренд | Dior | Общее
dior бу купить	ПОИСК	Бренд | Dior | Общее
диор секонд хенд	ПОИСК	Бренд | Dior | Общее
диор бу купить	ПОИСК	Бренд | Dior | Общее
burberry секонд хенд	ПОИСК	Бренд | Burberry | Общее
burberry бу купить	ПОИСК	Бренд | Burberry | Общее
барбери секонд хенд	ПОИСК	Бренд | Burberry | Общее
барбери бу купить	ПОИСК	Бренд | Burberry | Общее
balenciaga секонд хенд	ПОИСК	Бренд | Balenciaga | Общее
balenciaga бу купить	ПОИСК	Бренд | Balenciaga | Общее
баленсиага секонд хенд	ПОИСК	Бренд | Balenciaga | Общее
баленсиага бу купить	ПОИСК	Бренд | Balenciaga | Общее
bottega veneta секонд хенд	ПОИСК	Бренд | Bottega Veneta | Общее
bottega veneta бу купить	ПОИСК	Бренд | Bottega Veneta | Общее
боттега венета бу	ПОИСК	Бренд | Bottega Veneta | Общее
fendi секонд хенд	ПОИСК	Бренд | Fendi | Общее
fendi бу купить	ПОИСК	Бренд | Fendi | Общее
фенди секонд хенд	ПОИСК	Бренд | Fendi | Общее
celine секонд хенд	ПОИСК	Бренд | Celine | Общее
celine бу купить	ПОИСК	Бренд | Celine | Общее
селин секонд хенд	ПОИСК	Бренд | Celine | Общее
givenchy секонд хенд	ПОИСК	Бренд | Givenchy | Общее
givenchy бу купить	ПОИСК	Бренд | Givenchy | Общее
живанши секонд хенд	ПОИСК	Бренд | Givenchy | Общее
versace секонд хенд	ПОИСК	Бренд | Versace | Общее
versace бу купить	ПОИСК	Бренд | Versace | Общее
версаче секонд хенд	ПОИСК	Бренд | Versace | Общее
dolce gabbana секонд хенд	ПОИСК	Бренд | Dolce&Gabbana | Общее
dolce gabbana бу купить	ПОИСК	Бренд | Dolce&Gabbana | Общее
d g секонд хенд	ПОИСК	Бренд | Dolce&Gabbana | Общее
дольче габбана бу	ПОИСК	Бренд | Dolce&Gabbana | Общее
valentino секонд хенд	ПОИСК	Бренд | Valentino | Общее
valentino бу купить	ПОИСК	Бренд | Valentino | Общее
валентино секонд хенд	ПОИСК	Бренд | Valentino | Общее
loewe секонд хенд	ПОИСК	Бренд | Loewe | Общее
loewe бу купить	ПОИСК	Бренд | Loewe | Общее
jacquemus секонд хенд	ПОИСК	Бренд | Jacquemus | Общее
jacquemus бу купить	ПОИСК	Бренд | Jacquemus | Общее
жакмюс бу	ПОИСК	Бренд | Jacquemus | Общее
saint laurent секонд хенд	ПОИСК	Бренд | Saint Laurent | Общее
saint laurent бу купить	ПОИСК	Бренд | Saint Laurent | Общее
ysl секонд хенд	ПОИСК	Бренд | Saint Laurent | Общее
ysl бу купить	ПОИСК	Бренд | Saint Laurent | Общее
moncler секонд хенд	ПОИСК	Бренд | Moncler | Общее
moncler бу купить	ПОИСК	Бренд | Moncler | Общее
монклер секонд хенд	ПОИСК	Бренд | Moncler | Общее
монклер бу купить	ПОИСК	Бренд | Moncler | Общее
пуховик moncler бу	ПОИСК	Бренд->Категория | Moncler | Пуховик
пуховик монклер бу	ПОИСК	Бренд->Категория | Moncler | Пуховик
canada goose бу купить	ПОИСК	Бренд | Canada Goose | Общее
canada goose секонд хенд	ПОИСК	Бренд | Canada Goose | Общее
канада гус бу	ПОИСК	Бренд | Canada Goose | Общее
парка canada goose бу	ПОИСК	Бренд->Категория | Canada Goose | Парка
off white секонд хенд	ПОИСК	Бренд | Off-White | Общее
off-white секонд хенд	ПОИСК	Бренд | Off-White | Общее
off white бу купить	ПОИСК	Бренд | Off-White | Общее
офф вайт секонд хенд	ПОИСК	Бренд | Off-White | Общее
офф вайт бу купить	ПОИСК	Бренд | Off-White | Общее
худи off white бу	ПОИСК	Бренд->Категория | Off-White | Худи
stone island секонд хенд	ПОИСК	Бренд | Stone Island | Общее
stone island бу купить	ПОИСК	Бренд | Stone Island | Общее
стоун айленд секонд хенд	ПОИСК	Бренд | Stone Island | Общее
стоун айленд бу купить	ПОИСК	Бренд | Stone Island | Общее
худи stone island бу	ПОИСК	Бренд->Категория | Stone Island | Худи
palm angels секонд хенд	ПОИСК	Бренд | Palm Angels | Общее
palm angels бу купить	ПОИСК	Бренд | Palm Angels | Общее
пальм эйнджелс бу	ПОИСК	Бренд | Palm Angels | Общее
cp company секонд хенд	ПОИСК	Бренд | C.P. Company | Общее
cp company бу купить	ПОИСК	Бренд | C.P. Company | Общее
си пи компани бу	ПОИСК	Бренд | C.P. Company | Общее
supreme секонд хенд	ПОИСК	Бренд | Supreme | Общее
supreme бу купить	ПОИСК	Бренд | Supreme | Общее
суприм секонд хенд	ПОИСК	Бренд | Supreme | Общее
kenzo секонд хенд	ПОИСК	Бренд | Kenzo | Общее
kenzo бу купить	ПОИСК	Бренд | Kenzo | Общее
кензо секонд хенд	ПОИСК	Бренд | Kenzo | Общее
сумка gucci бу	ПОИСК	Бренд->Категория | Gucci | Сумки
сумка гуччи бу	ПОИСК	Бренд->Категория | Gucci | Сумки
ремень gucci бу	ПОИСК	Бренд->Категория | Gucci | Ремни
ремень гуччи бу	ПОИСК	Бренд->Категория | Gucci | Ремни
сумка prada бу	ПОИСК	Бренд->Категория | Prada | Сумки
сумка прада бу	ПОИСК	Бренд->Категория | Prada | Сумки
сумка louis vuitton бу	ПОИСК	Бренд->Категория | Louis Vuitton | Сумки
сумка lv бу	ПОИСК	Бренд->Категория | Louis Vuitton | Сумки
сумка луи виттон бу	ПОИСК	Бренд->Категория | Louis Vuitton | Сумки
ремень louis vuitton бу	ПОИСК	Бренд->Категория | Louis Vuitton | Ремни
ремень lv бу	ПОИСК	Бренд->Категория | Louis Vuitton | Ремни
сумка chanel бу	ПОИСК	Бренд->Категория | Chanel | Сумки
сумка шанель бу	ПОИСК	Бренд->Категория | Chanel | Сумки
сумка dior бу	ПОИСК	Бренд->Категория | Dior | Сумки
сумка диор бу	ПОИСК	Бренд->Категория | Dior | Сумки
тренч burberry бу	ПОИСК	Бренд->Категория | Burberry | Тренч
тренч барбери бу	ПОИСК	Бренд->Категория | Burberry | Тренч
пальто burberry бу	ПОИСК	Бренд->Категория | Burberry | Пальто
сумка balenciaga бу	ПОИСК	Бренд->Категория | Balenciaga | Сумки
джинсы gucci бу	ПОИСК	Бренд->Категория | Gucci | Джинсы
джинсы prada бу	ПОИСК	Бренд->Категория | Prada | Джинсы
джинсы balenciaga бу	ПОИСК	Бренд->Категория | Balenciaga | Джинсы
люксовая одежда	РСЯ	РСЯ | Интересы | Люкс
премиум бренды одежда	РСЯ	РСЯ | Интересы | Премиум
брендовые сумки	РСЯ	РСЯ | Интересы | Сумки
винтаж одежда	РСЯ	РСЯ | Интересы | Винтаж
streetwear бренды	РСЯ	РСЯ | Интересы | Streetwear
модные бренды	РСЯ	РСЯ | Интересы | Fashion
luxury brands	РСЯ	РСЯ | Интересы | Люкс
vintage clothing	РСЯ	РСЯ | Интересы | Винтаж
second hand luxury	РСЯ	РСЯ | Интересы | Люкс
gucci	РСЯ	РСЯ | Бренды | Gucci
prada	РСЯ	РСЯ | Бренды | Prada
louis vuitton	РСЯ	РСЯ | Бренды | Louis Vuitton
chanel	РСЯ	РСЯ | Бренды | Chanel
dior	РСЯ	РСЯ | Бренды | Dior
burberry	РСЯ	РСЯ | Бренды | Burberry
balenciaga	РСЯ	РСЯ | Бренды | Balenciaga
bottega veneta	РСЯ	РСЯ | Бренды | Bottega Veneta
fendi	РСЯ	РСЯ | Бренды | Fendi
celine	РСЯ	РСЯ | Бренды | Celine
off-white	РСЯ	РСЯ | Бренды | Off-White
stone island	РСЯ	РСЯ | Бренды | Stone Island
palm angels	РСЯ	РСЯ | Бренды | Palm Angels
supreme	РСЯ	РСЯ | Бренды | Supreme
moncler	РСЯ	РСЯ | Бренды | Moncler
canada goose	РСЯ	РСЯ | Бренды | Canada Goose
ремень gucci	РСЯ	РСЯ | Категории+бренды | Ремни
сумка louis vuitton	РСЯ	РСЯ | Категории+бренды | Сумки
пуховик moncler	РСЯ	РСЯ | Категории+бренды | Верхняя одежда
тренч burberry	РСЯ	РСЯ | Категории+бренды | Верхняя одежда
худи off-white	РСЯ	РСЯ | Категории+бренды | Streetwear
